ring_id,typology,size,peak_risk,internal_value_inr,layers,members
RING-01,Fan-out / fan-in,7,5,5257409,CENTRALITY | FAN | PASS-THROUGH,CNRB243795 HDFC259211 HDFC801992 ICIC176070 ICIC511423 PUNB549145 UTIB119613
RING-02,Circular flow,5,4,3042922,CYCLE | PASS-THROUGH,BARB257079 KKBK226182 SBIN104123 SBIN596493 UBIN914225
RING-03,Fan-out / fan-in,5,2,3727636,FAN,ICIC359685 IDIB312429 PUNB372202 SBIN632840 UTIB601257
RING-04,Fan-out / fan-in,5,2,2537855,FAN,ICIC742282 UBIN166447 UTIB826381 UTIB896910 YESB735581
RING-05,Structuring / smurfing,2,5,4760595,ADAPTIVE | ML-ANOMALY | STRUCTURING,IDIB774714 PUNB249924
RING-06,Structuring / smurfing,2,5,4723738,ADAPTIVE | ML-ANOMALY | STRUCTURING,SBIN228293 UBIN261949
RING-07,Structuring / smurfing,2,5,4767409,ADAPTIVE | ML-ANOMALY | STRUCTURING,SBIN243921 YESB330254
RING-08,Circular flow,4,2,2307363,CYCLE,BARB687513 PUNB656506 UTIB441817 UTIB922369
RING-09,Circular flow,3,4,1557210,CYCLE | PASS-THROUGH,HDFC300599 HDFC574140 SBIN909774
